{
    "name": "alpaca-extras",
    "description": "Easy Web Forms for jQuery",
    "homepage": "http://www.alpacajs.org",
    "keywords": ["alpaca", "web", "forms", "javascript", "jquery", "html5"],
    "author": "Gitana Software <info@cloudcms.com>",
    "repository": {
		"type": "git", 
		"url": "git://github.com/gitana/alpaca.git"
	},
    "version": "1.1.3",
    "main": ["alpaca-extras.js", "alpaca-extras.css"],
    "dependencies": {
        "alpaca-core": "*",
        "jquery-ui": "*",
        "ace": "*"
    }
}